<favourites>
    <favourite name="MOVIES (13)">ActivateWindow(10025,&quot;plugin://script.categories/?content_type=video&amp;mode=listCat&amp;url=MOVIES&quot;,return)</favourite>
    <favourite name="MUSIC (3)">ActivateWindow(10025,&quot;plugin://script.categories/?content_type=video&amp;mode=listCat&amp;url=MUSIC&quot;,return)</favourite>
    <favourite name="TV SHOWS (16)">ActivateWindow(10025,&quot;plugin://script.categories/?content_type=video&amp;mode=listCat&amp;url=TV%20SHOWS&quot;,return)</favourite>
    <favourite name="SPORT (6)">ActivateWindow(10025,&quot;plugin://script.categories/?content_type=video&amp;mode=listCat&amp;url=SPORT&quot;,return)</favourite>
    <favourite name="LIVE TV (7)">ActivateWindow(10025,&quot;plugin://script.categories/?content_type=video&amp;mode=listCat&amp;url=LIVE%20TV&quot;,return)</favourite>
    <favourite name="PYRAMID (1)">ActivateWindow(10025,&quot;plugin://script.categories/?content_type=video&amp;mode=listCat&amp;url=PYRAMID&quot;,return)</favourite>
    <favourite name="SUPREMACY (1)">ActivateWindow(10025,&quot;plugin://script.categories/?content_type=video&amp;mode=listCat&amp;url=SUPREMACY&quot;,return)</favourite>
    <favourite name="KIDS (2)">ActivateWindow(10025,&quot;plugin://script.categories/?content_type=video&amp;mode=listCat&amp;url=KIDS&quot;,return)</favourite>
    <favourite name="HOOT LOOP KIDS ZONE (1)">ActivateWindow(10025,&quot;plugin://script.categories/?content_type=video&amp;mode=listCat&amp;url=HOOT%20LOOP%20KIDS%20ZONE&quot;,return)</favourite>
    <favourite name="HORROR TIME (1)">ActivateWindow(10025,&quot;plugin://script.categories/?content_type=video&amp;mode=listCat&amp;url=HORROR%20TIME&quot;,return)</favourite>
</favourites>
