<sources>
    <programs>
        <default pathversion="1"></default>
    </programs>
    <video>
        <default pathversion="1"></default>
    </video>
    <music>
        <default pathversion="1"></default>
    </music>
    <pictures>
        <default pathversion="1"></default>
    </pictures>
    <files>
        <default pathversion="1"></default>
        <source>
            <name>supremacy</name>
            <path pathversion="1">http://supremacy.org.uk/zip/repo/</path>
            <allowsharing>true</allowsharing>
        </source>
        <source>
            <name>pyramid</name>
            <path pathversion="1">http://repozip.teamzt.seedr.io/</path>
            <allowsharing>true</allowsharing>
        </source>
        <source>
            <name>soullessbuilds</name>
            <path pathversion="1">http://soullessbuilds.com/repo/</path>
            <allowsharing>true</allowsharing>
        </source>
        <source>
            <name>tmb</name>
            <path pathversion="1">http://tmbkodi.com/repo/</path>
            <allowsharing>true</allowsharing>
        </source>
        <source>
            <name>loop</name>
            <path pathversion="1">http://twizbuild.xyz/loooooooooop/</path>
            <allowsharing>true</allowsharing>
        </source>
        <source>
            <name>spinz</name>
            <path pathversion="1">http://repo.stvmc.net/</path>
            <allowsharing>true</allowsharing>
        </source>
        <source>
            <name>mavrepo</name>
            <path pathversion="1">http://mavericktv.net/mavrepo/</path>
            <allowsharing>true</allowsharing>
        </source>
        <source>
            <name>uncoded</name>
            <path pathversion="1">http://start.uncoded.life/</path>
            <allowsharing>true</allowsharing>
        </source>
        <source>
            <name> Mobdina </name>
            <path pathversion="1">http://playonmonkeys.com/repo/</path>
            <allowsharing>true</allowsharing>
        </source>
        <source>
            <name>streamarmy</name>
            <path pathversion="1">http://streamarmy.co.uk/repo/</path>
            <allowsharing>true</allowsharing>
        </source>
        <source>
            <name>smash</name>
            <path pathversion="1">https://archive.org/download/repository.mic/</path>
            <allowsharing>true</allowsharing>
        </source>
        <source>
            <name>DELIVERANCE</name>
            <path pathversion="1">http://sport-xplosion.com/DELIVERANCE/</path>
            <allowsharing>true</allowsharing>
        </source>
        <source>
            <name>tvguide</name>
            <path pathversion="1">http://ivuetvguide.com/install/</path>
            <allowsharing>true</allowsharing>
        </source>
        <source>
            <name>renegade</name>
            <path pathversion="1">https://renegadestv.uk/repo/</path>
            <allowsharing>true</allowsharing>
        </source>
        <source>
            <name>Daffys Repository</name>
            <path pathversion="1">http://daffyslist.com/repo/</path>
            <allowsharing>true</allowsharing>
        </source>
        <source>
            <name>portal</name>
            <path pathversion="1">http://noobsandnerds.com/portal/</path>
            <allowsharing>true</allowsharing>
        </source>
    </files>
</sources>
