﻿<?xml version="1.0" encoding="UTF-8" standalone="yes"?>
<addon id="repository.alleyezonme" name="All Eyez On Me repository" version="1.3" provider-name="Daffy">
	<extension point="xbmc.addon.repository" name="All Eyez On Me Add-on Repository">
        <dir>
            <info compressed="false">https://raw.githubusercontent.com/noobsandnerds/modules4all/master/zips/addons.xml</info>
            <checksum>https://raw.githubusercontent.com/noobsandnerds/modules4all/master/zips/addons.xml.md5</checksum>
            <datadir zip="true">https://raw.githubusercontent.com/noobsandnerds/modules4all/master/zips/</datadir>
        </dir>
        <dir>
            <info compressed="false">https://github.com/tvaddonsco/tva-resolvers-repo/raw/master/addons.xml</info>
            <checksum>https://github.com/tvaddonsco/tva-resolvers-repo/raw/master/addons.xml.md5</checksum>
            <datadir zip="true">https://github.com/tvaddonsco/tva-resolvers-repo/raw/master/zips/</datadir>
        </dir>
        <dir>
            <info compressed="false">https://raw.githubusercontent.com/XvBMC/repository.xvbmc/master/Dependencies/xvbmc-addons.xml</info>
            <checksum>https://raw.githubusercontent.com/XvBMC/repository.xvbmc/master/Dependencies/xvbmc-addons.xml.md5</checksum>
            <datadir zip="true">https://raw.githubusercontent.com/XvBMC/repository.xvbmc/master/Dependencies/zips/</datadir>
            <hashes>false</hashes>
        </dir>	
		<info compressed="false">http://daffyslist.cf/addons.xml</info>
		<checksum>http://daffyslist.cf/addons.xml.md5</checksum>
		<datadir zip="true">http://daffyslist.cf/zips/</datadir>
	</extension>
	<extension point="xbmc.addon.metadata">
		<summary>All eyez on me addon and other addons hosted here.</summary>
		<description>Download and install Alleyezonme addon and others, if you want your addon/wizard/build adding, get in touch.</description>
		<disclaimer></disclaimer>
		<platform>all</platform>
        <source>http://daffyslist.cf/repo/</source>
        <news>Release v1.3</news>
        <assets>
            <icon>icon.png</icon>
            <fanart>fanart.jpg</fanart>
            <screenshot></screenshot>
        </assets>		
	</extension>
</addon>