<?xml version="1.0" encoding="UTF-8" standalone="yes"?>
<addon id="plugin.program.cobrabuildwizard=cobrateam-add-onwizard" name="cobrabuildwizard=cobrateam-add-on Wizard" version="0.1.0" provider-name="cobra builds=cobrateam-add-on ">
  <requires>
    <import addon="xbmc.python" version="0.1.0"/>
  </requires>
  <extension point="xbmc.python.pluginsource" library="default.py">
    <provides>executable</provides>
  </extension>
  <extension point="xbmc.service" library="startup.py" start="startup" />
  <extension point="xbmc.addon.metadata">
    <summary lang="en">cobrabuildwizard=cobrateam-add-on Wizard</summary>
    <description lang="en">cobrabuildwizard=cobrateam-add-on Wizard allows you to get access to the latest cobra team builds Custom Builds.</description>
    <platform>all</platform>
  </extension>
</addon>